City_ID,City,Country,Date,Lat,Lng,Max Temp,Humidity,Cloudiness,Wind Speed
0,Rikitea,PF,2022-07-30 10:25:15,-23.1203,-134.9692,72.39,75,37,16.55
1,Mar Del Plata,AR,2022-07-30 10:14:51,-38.0023,-57.5575,47.88,78,0,3.0
2,Hobart,AU,2022-07-30 10:25:16,-42.8794,147.3294,44.06,79,75,4.61
3,Grindavik,IS,2022-07-30 10:18:28,63.8424,-22.4338,50.47,71,75,11.5
4,Korla,CN,2022-07-30 10:25:16,41.7597,86.1469,91.11,21,94,14.32
5,Hambantota,LK,2022-07-30 10:23:02,6.1241,81.1185,83.64,71,93,19.08
6,Srednekolymsk,RU,2022-07-30 10:23:03,67.45,153.6833,63.84,43,79,4.29
7,Busselton,AU,2022-07-30 10:25:17,-33.65,115.3333,51.89,62,96,10.78
8,Nikolskoye,RU,2022-07-30 10:17:12,59.7035,30.7861,66.09,81,93,9.1
9,Castro,BR,2022-07-30 10:15:47,-24.7911,-50.0119,37.92,91,0,1.79
10,Puerto Baquerizo Moreno,EC,2022-07-30 10:23:04,-0.9,-89.6,69.03,84,88,12.03
11,Hammerfest,NO,2022-07-30 10:23:04,70.6634,23.6821,64.85,52,0,4.61
12,Yulara,AU,2022-07-30 10:19:43,-25.2406,130.9889,63.99,21,100,8.72
13,Hokitika,NZ,2022-07-30 10:23:05,-42.7167,170.9667,40.53,92,100,7.52
14,Albany,US,2022-07-30 10:22:38,42.6001,-73.9662,64.81,91,45,4.81
15,Tasiilaq,GL,2022-07-30 10:17:04,65.6145,-37.6368,42.96,63,10,3.76
16,Jamestown,US,2022-07-30 10:21:02,42.097,-79.2353,63.99,75,0,5.75
17,Sobolevo,RU,2022-07-30 10:23:06,54.4299,31.8996,67.96,53,86,3.87
18,Hithadhoo,MV,2022-07-30 10:18:24,-0.6,73.0833,80.58,79,100,16.15
19,Saldanha,ZA,2022-07-30 10:25:20,-33.0117,17.9442,57.25,64,20,8.01
20,Teguise,ES,2022-07-30 10:23:07,29.0605,-13.564,75.42,65,20,26.46
21,Bengkulu,ID,2022-07-30 10:19:50,-3.8004,102.2655,82.27,76,63,8.72
22,Airai,TL,2022-07-30 10:15:42,-8.9266,125.4092,59.97,89,94,2.84
23,Bereda,ES,2022-07-30 10:23:08,43.2686,-7.5406,76.41,75,23,7.63
24,Cabo San Lucas,MX,2022-07-30 10:21:31,22.8909,-109.9124,81.61,67,58,5.79
25,Thompson,CA,2022-07-30 10:19:37,55.7435,-97.8558,46.56,93,20,6.91
26,Luderitz,NA,2022-07-30 10:18:31,-26.6481,15.1594,62.11,62,32,16.62
27,Port Lincoln,AU,2022-07-30 10:15:50,-34.7333,135.8667,54.66,71,100,28.68
28,Iwanai,JP,2022-07-30 10:23:09,42.9744,140.5089,69.91,93,1,1.19
29,Punta Arenas,CL,2022-07-30 10:15:49,-53.15,-70.9167,41.11,75,40,24.16
30,Butaritari,KI,2022-07-30 10:25:22,3.0707,172.7902,82.51,72,86,14.97
31,Kodiak,US,2022-07-30 10:25:22,57.79,-152.4072,54.91,94,100,6.91
32,Ushuaia,AR,2022-07-30 10:25:23,-54.8,-68.3,40.66,75,75,26.46
33,Mataura,NZ,2022-07-30 10:15:51,-46.1927,168.8643,37.47,99,100,1.7
34,Seydi,TM,2022-07-30 10:23:10,39.4816,62.9137,99.77,20,0,12.08
35,Sigli,ID,2022-07-30 10:23:11,5.3848,95.9609,81.61,73,100,5.93
36,Havre,FR,2022-07-30 10:23:11,49.5833,0.3333,81.19,73,20,10.36
37,Trincomalee,LK,2022-07-30 10:23:12,8.5711,81.2335,85.96,65,94,6.6
38,New Norfolk,AU,2022-07-30 10:25:24,-42.7826,147.0587,43.72,74,30,3.13
39,Cayenne,GF,2022-07-30 10:23:12,4.9333,-52.3333,76.08,1,100,1.14
40,Todos Santos,MX,2022-07-30 10:23:13,23.45,-110.2167,75.65,66,48,2.93
41,Kahului,US,2022-07-30 10:14:33,20.8947,-156.47,78.82,61,75,9.22
42,Jaisinghnagar,IN,2022-07-30 10:23:13,23.7,81.3833,88.99,59,82,7.07
43,Dingle,PH,2022-07-30 10:23:14,10.9995,122.6711,79.12,86,100,6.17
44,Pokhara,NP,2022-07-30 10:21:02,28.2333,83.9833,80.37,79,66,3.56
45,Lebu,CL,2022-07-30 10:15:54,-37.6167,-73.65,46.54,81,100,11.45
46,Khatanga,RU,2022-07-30 10:18:19,71.9667,102.5,72.19,53,50,5.19
47,Aklavik,CA,2022-07-30 10:23:15,68.2191,-135.0107,39.43,96,100,1.95
48,Karoi,ZW,2022-07-30 10:23:15,-16.8099,29.6925,72.18,20,4,5.26
49,Atuona,PF,2022-07-30 10:26:27,-9.8,-139.0333,76.69,73,0,15.03
50,Ilulissat,GL,2022-07-30 10:18:22,69.2167,-51.1,46.42,93,75,3.44
51,Necochea,AR,2022-07-30 10:26:27,-38.5473,-58.7368,45.54,70,100,4.65
52,Cherskiy,RU,2022-07-30 10:19:54,68.75,161.3,59.7,47,18,9.31
53,Bambous Virieux,MU,2022-07-30 10:17:16,-20.3428,57.7575,75.45,69,40,17.27
54,Sao Filipe,CV,2022-07-30 10:26:28,14.8961,-24.4956,77.38,78,100,9.66
55,Hermanus,ZA,2022-07-30 10:26:29,-34.4187,19.2345,55.8,60,7,17.09
56,Renqiu,CN,2022-07-30 10:26:29,38.6989,116.0936,86.41,67,79,4.25
57,Saint-Philippe,RE,2022-07-30 10:18:23,-21.3585,55.7679,78.39,72,47,14.5
58,Tomatlan,MX,2022-07-30 10:19:48,19.9333,-105.25,72.18,90,100,4.09
59,Pevek,RU,2022-07-30 10:19:51,69.7008,170.3133,46.29,66,49,7.34
60,Nauta,PE,2022-07-30 10:26:31,-4.5061,-73.5757,70.81,93,24,2.37
61,Mananjary,MG,2022-07-30 10:26:31,-21.2167,48.3333,72.75,72,40,4.81
62,Murray Bridge,AU,2022-07-30 10:26:31,-35.1167,139.2667,57.13,48,100,9.26
63,Jimenez,MX,2022-07-30 10:26:32,28.3333,-105.4,72.07,65,53,2.66
64,Cidreira,BR,2022-07-30 10:17:00,-30.1811,-50.2056,49.03,92,8,9.48
65,Kabanjahe,ID,2022-07-30 10:26:32,3.1001,98.4908,73.92,71,62,4.03
66,Tuatapere,NZ,2022-07-30 10:17:01,-46.1333,167.6833,39.7,81,89,4.23
67,Banjar,ID,2022-07-30 10:26:33,-8.19,114.9675,79.41,74,86,3.53
68,Zhezkazgan,KZ,2022-07-30 10:26:33,47.8043,67.7144,75.18,46,75,13.42
69,Emilio Carranza,MX,2022-07-30 10:26:34,19.9711,-96.6114,75.63,73,48,4.54
70,Makubetsu,JP,2022-07-30 10:26:34,45.3714,141.8211,70.09,86,1,22.86
71,Rio Gallegos,AR,2022-07-30 10:26:35,-51.6226,-69.2181,39.25,56,0,16.11
72,Hirara,JP,2022-07-30 10:17:17,24.8,125.2833,86.27,74,75,6.91
73,Kapaa,US,2022-07-30 10:13:10,22.0752,-159.319,79.12,87,40,11.5
74,Nkhata Bay,MW,2022-07-30 10:26:36,-11.6066,34.2907,73.69,58,1,6.89
75,Yellowknife,CA,2022-07-30 10:26:36,62.456,-114.3525,57.72,72,75,8.05
76,College,US,2022-07-30 10:26:36,64.8569,-147.8028,55.35,68,75,4.61
77,Deputatskiy,RU,2022-07-30 10:21:04,69.3,139.9,61.47,61,70,7.61
78,Kupang,ID,2022-07-30 10:21:03,-10.1667,123.5833,76.98,76,69,10.22
79,Rameswaram,IN,2022-07-30 10:26:37,9.2833,79.3,82.89,77,97,14.76
80,Longyearbyen,SJ,2022-07-30 10:26:38,78.2186,15.6401,49.84,81,75,5.75
81,Harper,LR,2022-07-30 10:26:38,4.375,-7.7169,76.06,71,98,5.17
82,Gusinoye Ozero,RU,2022-07-30 10:26:38,51.1144,106.2614,75.06,49,77,2.13
83,Beringovskiy,RU,2022-07-30 10:26:39,63.05,179.3167,47.41,80,100,5.99
84,Labuhan,ID,2022-07-30 10:19:37,-6.8844,112.2051,82.35,71,28,9.66
85,Linxia,CN,2022-07-30 10:26:40,35.6003,103.2064,77.49,38,27,10.74
86,Coquimbo,CL,2022-07-30 10:18:33,-29.9533,-71.3436,53.33,87,100,2.3
87,Nanortalik,GL,2022-07-30 10:26:40,60.1432,-45.2371,45.99,86,39,10.29
88,Narsaq,GL,2022-07-30 10:26:41,60.9167,-46.05,46.62,64,54,2.17
89,Vaini,TO,2022-07-30 10:17:14,-21.2,-175.2,75.36,100,75,6.91
90,Luncavita,RO,2022-07-30 10:26:41,45.2833,28.2667,88.25,29,8,5.37
91,Erenhot,CN,2022-07-30 10:19:50,43.6475,111.9767,79.92,36,99,28.1
92,Georgetown,MY,2022-07-30 10:26:04,5.4112,100.3354,87.89,74,20,5.75
93,Cape Town,ZA,2022-07-30 10:26:11,-33.9258,18.4232,62.38,59,40,12.66
94,Vilcun,CL,2022-07-30 10:26:42,-38.65,-72.2333,32.74,98,100,1.05
95,Sistranda,NO,2022-07-30 10:26:43,63.7256,8.834,64.36,73,100,3.96
96,Port Alfred,ZA,2022-07-30 10:27:43,-33.5906,26.891,61.18,69,100,5.99
97,Atambua,ID,2022-07-30 10:27:44,-9.1061,124.8925,73.18,78,89,3.69
98,East London,ZA,2022-07-30 10:27:44,-33.0153,27.9116,63.54,63,40,10.36
99,Petropavlovsk-Kamchatskiy,RU,2022-07-30 10:27:45,53.0452,158.6483,54.19,100,100,4.47
100,Tautira,PF,2022-07-30 10:27:45,-17.7333,-149.15,77.79,72,10,23.13
101,Kaitangata,NZ,2022-07-30 10:18:25,-46.2817,169.8464,37.76,93,100,6.24
102,Bethel,US,2022-07-30 10:27:46,41.3712,-73.414,72.48,86,0,3.44
103,Saint-Francois,FR,2022-07-30 10:27:46,46.4154,3.9054,81.68,39,0,3.44
104,Hilo,US,2022-07-30 10:27:47,19.7297,-155.09,79.29,94,75,1.99
105,Makakilo City,US,2022-07-30 10:27:44,21.3469,-158.0858,77.32,74,0,8.05
106,Vila Velha,BR,2022-07-30 10:18:34,-20.3297,-40.2925,69.75,81,75,6.91
107,Kieta,PG,2022-07-30 10:27:48,-6.2167,155.6333,79.52,82,86,6.53
108,Esperance,AU,2022-07-30 10:27:49,-33.8667,121.9,48.04,76,78,31.68
109,Tiksi,RU,2022-07-30 10:27:49,71.6872,128.8694,49.33,76,100,3.04
110,Merauke,ID,2022-07-30 10:27:49,-8.4667,140.3333,77.74,85,47,18.19
111,Pisco,PE,2022-07-30 10:27:50,-13.7,-76.2167,60.85,77,100,1.14
112,Safford,US,2022-07-30 10:27:50,32.834,-109.7076,77.92,69,0,0.0
113,Nanakuli,US,2022-07-30 10:27:51,21.3906,-158.1547,78.75,69,0,3.44
114,Ravar,IR,2022-07-30 10:27:51,31.2656,56.8055,93.52,20,71,5.93
115,Sable-Sur-Sarthe,FR,2022-07-30 10:27:51,47.8376,-0.3329,86.99,32,83,3.09
116,Barrow,US,2022-07-30 10:27:52,71.2906,-156.7887,34.47,93,78,6.85
117,Hit,IQ,2022-07-30 10:27:52,33.6416,42.8251,113.74,5,0,7.81
118,Byron Bay,AU,2022-07-30 10:24:56,-28.65,153.6167,53.94,72,94,7.02
119,Constitucion,CL,2022-07-30 10:27:53,-35.3333,-72.4167,49.91,75,100,1.81
120,Arraial Do Cabo,BR,2022-07-30 10:27:54,-22.9661,-42.0278,67.86,64,40,12.66
121,Boo,SE,2022-07-30 10:27:54,59.3333,18.2833,71.28,49,0,3.44
122,Khasan,RU,2022-07-30 10:18:25,42.4308,130.6434,74.93,94,74,7.07
123,Martapura,ID,2022-07-30 10:27:55,-3.4167,114.85,77.09,88,40,3.44
124,Chokurdakh,RU,2022-07-30 10:27:55,70.6333,147.9167,63.32,55,10,3.89
125,Kautokeino,NO,2022-07-30 10:27:56,69.0125,23.0412,57.38,51,32,12.44
126,Antalaha,MG,2022-07-30 10:27:56,-14.9003,50.2788,76.89,65,7,13.04
127,Hobyo,SO,2022-07-30 10:27:57,5.3505,48.5268,82.74,61,93,26.15
128,Ambunti,PG,2022-07-30 10:27:57,-4.2365,142.8448,74.7,94,69,1.07
129,Novyy Buh,UA,2022-07-30 10:27:57,47.6931,32.5216,86.9,24,85,12.97
130,Mantua,IT,2022-07-30 10:27:58,45.1667,10.7833,85.33,63,0,3.0
131,Ixtapa,MX,2022-07-30 10:27:58,20.7,-105.2,76.23,94,100,10.36
132,Sao Joao Da Barra,BR,2022-07-30 10:27:59,-21.6403,-41.0511,68.09,78,97,10.11
133,Carman,CA,2022-07-30 10:27:59,49.4992,-98.0016,65.32,93,0,3.44
134,Urubamba,PE,2022-07-30 10:28:00,-13.3047,-72.1158,40.1,89,96,3.31
135,Karratha,AU,2022-07-30 10:18:29,-20.7377,116.8463,73.81,48,52,9.33
136,Sola,VU,2022-07-30 10:28:00,-13.8833,167.55,80.51,76,100,12.55
137,Papara,BR,2022-07-30 10:28:01,-3.9839,-38.7273,77.68,90,82,4.05
138,Barkot,IN,2022-07-30 10:28:02,30.8167,78.2,72.68,97,99,2.66
139,Kenai,US,2022-07-30 10:29:02,60.5544,-151.2583,55.49,93,100,0.0
140,Rawson,AR,2022-07-30 10:29:03,-43.3002,-65.1023,44.19,70,63,6.73
141,North Bend,US,2022-07-30 10:29:03,43.4065,-124.2243,61.92,96,100,6.91
142,Amahai,ID,2022-07-30 10:29:04,-3.3333,128.9167,77.29,91,98,4.38
143,Ambon,ID,2022-07-30 10:29:04,-3.6954,128.1814,77.14,94,40,3.44
144,Deming,US,2022-07-30 10:29:04,32.2687,-107.7586,69.69,83,0,3.44
145,Upernavik,GL,2022-07-30 10:29:05,72.7868,-56.1549,44.06,75,100,3.8
146,Mutis,CO,2022-07-30 10:29:05,6.2262,-77.4044,78.15,89,99,3.33
147,Victoria,HK,2022-07-30 10:28:32,22.2855,114.1577,87.85,78,19,5.01
148,Saint George,US,2022-07-30 10:20:58,37.1041,-113.5841,73.99,73,0,0.0
149,Palora,EC,2022-07-30 10:29:06,-1.7,-77.9333,62.71,97,59,3.29
150,Muros,ES,2022-07-30 10:29:07,42.7762,-9.0603,78.1,52,2,11.45
151,Puerto Ayora,EC,2022-07-30 10:29:07,-0.7393,-90.3518,70.56,87,76,7.0
152,Ribeira Grande,PT,2022-07-30 10:29:08,38.5167,-28.7,73.8,83,75,3.44
153,Dullewala,PK,2022-07-30 10:29:08,31.8359,71.4362,97.99,44,60,4.61
154,Otane,NZ,2022-07-30 10:29:09,-39.8833,176.6333,45.91,88,68,5.88
155,Guerrero Negro,MX,2022-07-30 10:29:09,27.9769,-114.0611,67.51,84,29,7.23
156,Freeport,US,2022-07-30 10:27:27,40.6576,-73.5832,76.01,72,100,13.8
157,Puerto Colombia,CO,2022-07-30 10:29:10,10.9878,-74.9547,80.69,84,80,16.11
158,Ewo,CG,2022-07-30 10:29:10,-0.8725,14.8206,86.72,44,22,7.49
159,Kavieng,PG,2022-07-30 10:29:11,-2.5744,150.7967,82.0,74,75,11.43
160,Acajutla,SV,2022-07-30 10:29:11,13.5928,-89.8275,76.23,82,23,5.77
161,Bathsheba,BB,2022-07-30 10:29:12,13.2167,-59.5167,81.21,88,20,14.97
162,Mount Isa,AU,2022-07-30 10:29:12,-20.7333,139.5,58.77,44,99,4.61
163,Gat,IL,2022-07-30 10:29:13,31.61,34.7642,95.4,35,0,14.29
164,Dezful,IR,2022-07-30 10:29:13,32.3811,48.4058,108.41,26,64,6.58
165,Vardo,NO,2022-07-30 10:29:14,70.3705,31.1107,51.78,87,100,8.05
166,Lompoc,US,2022-07-30 10:29:14,34.6391,-120.4579,59.77,96,100,1.01
167,Padang,ID,2022-07-30 10:19:47,-0.9492,100.3543,84.25,75,100,0.87
168,Burnie,AU,2022-07-30 10:26:34,-41.0667,145.9167,44.94,73,68,6.46
169,Mitsamiouli,KM,2022-07-30 10:29:15,-11.3847,43.2844,82.69,65,40,8.05
170,Morro Bay,US,2022-07-30 10:29:15,35.3658,-120.8499,65.41,88,62,0.83
171,Uppsala,SE,2022-07-30 10:29:16,60.0,17.75,69.24,60,75,5.75
172,Alekseyevskoye,RU,2022-07-30 10:29:16,55.3071,50.1135,70.36,72,100,4.94
173,Mahibadhoo,MV,2022-07-30 10:29:17,3.7833,72.9667,78.35,85,100,17.81
174,Maldonado,UY,2022-07-30 10:24:26,-34.6667,-54.9167,45.23,74,0,4.81
175,Umm Kaddadah,SD,2022-07-30 10:29:17,13.6017,26.6876,85.73,49,100,6.51
176,Nuristan,AF,2022-07-30 10:29:18,35.3,70.8333,59.41,62,100,7.38
177,Ostrovnoy,RU,2022-07-30 10:29:18,68.0531,39.5131,54.41,88,98,16.04
178,Taoudenni,ML,2022-07-30 10:29:19,22.6783,-3.9836,98.71,29,16,9.1
179,Bubaque,GW,2022-07-30 10:19:38,11.2833,-15.8333,79.09,76,100,13.71
180,Luangwa,ZM,2022-07-30 10:29:19,-15.6167,30.4167,79.52,32,5,5.73
181,Ponta Do Sol,PT,2022-07-30 10:29:20,32.6667,-17.1,81.72,69,5,3.67
182,Torbay,CA,2022-07-30 10:18:01,47.6666,-52.7314,62.28,93,100,18.41
183,Hanstholm,DK,2022-07-30 10:29:20,57.1167,8.6167,65.48,65,10,3.94
184,Peniche,PT,2022-07-30 10:30:21,39.3558,-9.3811,71.92,74,3,8.61
185,Wlodawa,PL,2022-07-30 10:30:22,51.55,23.55,70.38,62,100,9.15
186,Huangcun,CN,2022-07-30 10:30:22,30.0145,118.4037,79.72,81,92,4.76
187,Khorixas,NA,2022-07-30 10:30:23,-20.3667,14.9667,75.29,16,2,4.45
188,Vao,NC,2022-07-30 10:30:23,-22.6667,167.4833,68.72,79,100,25.7
189,Wucheng,CN,2022-07-30 10:30:24,29.6008,118.175,82.08,81,65,1.59
190,Pemba,MZ,2022-07-30 10:30:24,-12.974,40.5178,81.3,65,20,8.05
191,Geraldton,AU,2022-07-30 10:30:25,-28.7667,114.6,57.61,77,40,8.05
192,Calama,CL,2022-07-30 10:30:25,-22.4667,-68.9333,46.89,10,4,23.02
193,Severo-Kurilsk,RU,2022-07-30 10:30:25,50.6789,156.125,51.57,98,94,9.26
194,Ambilobe,MG,2022-07-30 10:30:26,-13.2,49.05,89.26,33,5,1.16
195,Zuwarah,LY,2022-07-30 10:30:26,32.9312,12.082,89.55,47,0,12.5
196,Erdenet,MN,2022-07-30 10:30:27,49.0333,104.0833,67.55,61,66,3.83
197,Ossora,RU,2022-07-30 10:30:27,59.2353,163.0719,55.0,84,98,4.12
198,Oistins,BB,2022-07-30 10:27:45,13.0667,-59.5333,80.69,78,20,14.97
199,Eregli,TR,2022-07-30 10:30:28,37.5133,34.0467,93.49,12,0,10.38
200,Xuddur,SO,2022-07-30 10:30:28,4.1213,43.8894,89.96,28,27,22.08
201,Sinnamary,GF,2022-07-30 10:30:29,5.3833,-52.95,78.64,84,13,6.85
202,Touros,BR,2022-07-30 10:30:30,-5.1989,-35.4608,78.21,83,90,6.96
203,Gladstone,AU,2022-07-30 10:29:35,-23.85,151.25,62.53,63,20,12.66
204,Tura,IN,2022-07-30 10:20:58,25.5198,90.2201,80.73,85,100,5.53
205,Naze,JP,2022-07-30 10:30:30,28.3667,129.4833,77.92,88,100,24.29
206,San Quintin,MX,2022-07-30 10:30:31,30.4833,-115.95,66.49,86,47,5.06
207,San Nicolas,PH,2022-07-30 10:30:31,18.1725,120.5953,84.11,84,75,2.3
208,Cam Ranh,VN,2022-07-30 10:30:32,11.9214,109.1591,87.76,66,40,3.44
209,Kruisfontein,ZA,2022-07-30 10:30:32,-34.0033,24.7314,58.15,56,100,17.94
210,Clinton,US,2022-07-30 10:30:32,42.587,-82.9199,64.42,84,0,1.99
211,Villaviciosa,ES,2022-07-30 10:30:33,43.4813,-5.4357,74.61,83,43,6.42
212,Navirai,BR,2022-07-30 10:30:33,-23.065,-54.1906,47.14,68,0,3.04
213,Westport,US,2022-07-30 10:30:34,41.1415,-73.3579,74.17,85,100,4.61
214,Alekseyevka,RU,2022-07-30 10:30:34,50.6309,38.6903,78.22,39,85,9.78
215,Muli,MV,2022-07-30 10:30:35,2.9167,73.5667,78.51,85,100,18.21
216,Campo Verde,BR,2022-07-30 10:30:35,-20.4167,-54.0667,54.28,41,3,3.96
217,Stromness,GB,2022-07-30 10:30:35,58.965,-3.296,58.96,92,95,8.01
218,Knysna,ZA,2022-07-30 10:30:36,-34.0363,23.0471,59.68,53,77,11.68
219,Klyuchi,RU,2022-07-30 10:30:37,52.2667,79.1667,81.68,41,92,2.28
220,Hamilton,US,2022-07-30 10:28:23,39.1834,-84.5333,62.67,94,0,0.0
221,Awjilah,LY,2022-07-30 10:30:37,29.1081,21.2869,98.02,20,0,9.57
222,Vanimo,PG,2022-07-30 10:30:38,-2.6741,141.3028,78.75,86,75,6.55
223,Port Elizabeth,ZA,2022-07-30 10:30:38,-33.918,25.5701,57.49,75,20,16.11
224,Mount Gambier,AU,2022-07-30 10:30:39,-37.8333,140.7667,52.45,58,100,12.35
225,Carnarvon,AU,2022-07-30 10:30:39,-24.8667,113.6333,66.09,56,98,16.6
226,Los Llanos De Aridane,ES,2022-07-30 10:29:04,28.6585,-17.9182,72.12,79,75,18.41
227,Salalah,OM,2022-07-30 10:30:40,17.0151,54.0924,80.69,78,75,12.66
228,Altar,MX,2022-07-30 10:30:40,30.7,-111.8167,82.87,59,97,4.03
229,Qaanaaq,GL,2022-07-30 10:31:40,77.484,-69.3632,40.86,63,10,7.14
230,Carbonia,IT,2022-07-30 10:31:41,39.1672,8.5222,93.0,34,0,15.01
231,Bluff,NZ,2022-07-30 10:31:41,-46.6,168.3333,37.8,69,65,10.31
232,Sim,RU,2022-07-30 10:31:42,54.993,57.6982,75.06,47,27,7.99
233,Fort Nelson,CA,2022-07-30 10:31:42,58.8053,-122.7002,53.19,94,75,5.75
234,Xuzhou,CN,2022-07-30 10:31:43,34.1805,117.1571,79.29,90,18,6.76
235,Fuyang,CN,2022-07-30 10:31:43,32.9,115.8167,82.18,78,77,3.53
236,Cristalina,BR,2022-07-30 10:31:43,-16.7686,-47.6136,62.89,37,0,3.65
237,Avarua,CK,2022-07-30 10:31:44,-21.2078,-159.775,75.25,88,75,14.97
238,Meadow Lake,US,2022-07-30 10:30:47,34.8014,-106.5436,68.32,67,72,5.88
239,Tuktoyaktuk,CA,2022-07-30 10:31:45,69.4541,-133.0374,37.11,79,100,3.87
240,Egvekinot,RU,2022-07-30 10:31:45,66.3167,-179.1667,48.65,60,100,0.25
241,Pereyaslovskaya,RU,2022-07-30 10:31:45,45.8412,39.0238,98.51,21,1,7.23
242,Bichura,RU,2022-07-30 10:31:46,50.5881,107.6022,72.97,55,61,2.75
243,Jalu,LY,2022-07-30 10:31:46,29.0331,21.5482,98.08,19,1,9.91
244,Vandra,EE,2022-07-30 10:31:47,58.6481,25.0361,65.86,43,46,7.76
245,De-Kastri,RU,2022-07-30 10:31:47,51.4667,140.7833,62.49,99,100,4.68
246,Kiunga,PG,2022-07-30 10:31:47,-6.1219,141.2906,73.72,99,52,3.6
247,Birjand,IR,2022-07-30 10:31:48,32.8663,59.2211,93.67,14,40,16.11
248,Bredasdorp,ZA,2022-07-30 10:31:48,-34.5322,20.0403,59.94,48,30,16.67
249,Riyadh,SA,2022-07-30 10:31:32,24.6877,46.7219,104.14,24,81,5.66
250,Synya,RU,2022-07-30 10:31:49,65.3718,58.0387,79.72,42,50,9.64
251,Caravelas,BR,2022-07-30 10:31:50,-17.7125,-39.2481,73.65,73,25,8.3
252,San Cristobal,VE,2022-07-30 10:31:50,7.7669,-72.225,68.18,95,28,2.89
253,Napanee,CA,2022-07-30 10:30:47,44.2501,-76.9494,66.04,91,7,6.33
254,Norman Wells,CA,2022-07-30 10:31:51,65.282,-126.8329,48.24,100,75,3.44
255,Mahebourg,MU,2022-07-30 10:31:51,-20.4081,57.7,75.49,69,40,17.27
256,Talnakh,RU,2022-07-30 10:31:51,69.4865,88.3972,61.21,62,48,21.52
257,Nalut,LY,2022-07-30 10:31:52,30.3333,10.85,97.14,15,0,9.33
258,Saint-Pierre,RE,2022-07-30 10:31:52,-21.3393,55.4781,78.48,56,0,21.85
259,Oromocto,CA,2022-07-30 10:27:26,45.8351,-66.4792,60.31,100,0,6.91
260,Takoradi,GH,2022-07-30 10:31:53,4.8845,-1.7554,79.45,67,93,8.84
261,Abensberg,DE,2022-07-30 10:31:53,48.8167,11.85,79.29,35,11,13.42
262,Salinopolis,BR,2022-07-30 10:31:54,-0.6136,-47.3561,79.92,83,74,8.66
263,Akdepe,TM,2022-07-30 10:31:54,42.0551,59.3788,95.09,17,2,5.55
264,Hargeysa,SO,2022-07-30 10:27:24,9.56,44.065,84.54,34,28,18.66
265,Pontes E Lacerda,BR,2022-07-30 10:31:55,-15.2261,-59.3353,57.69,84,15,2.98
266,Atar,MR,2022-07-30 10:31:55,20.5169,-13.0499,87.49,49,44,9.78
267,Puerto Maldonado,PE,2022-07-30 10:31:56,-12.6,-69.1833,68.7,62,89,2.93
268,Conceicao Do Araguaia,BR,2022-07-30 10:31:56,-8.2578,-49.2647,75.88,36,13,3.67
269,Kawambwa,ZM,2022-07-30 10:31:57,-9.7915,29.0791,84.52,21,32,4.07
270,Xining,CN,2022-07-30 10:30:54,36.6167,101.7667,65.1,71,30,6.73
271,Morondava,MG,2022-07-30 10:31:57,-20.2833,44.2833,77.76,60,63,5.73
272,Iberia,US,2022-07-30 10:31:58,29.9502,-91.7507,77.97,94,0,4.61
273,Buala,SB,2022-07-30 10:31:58,-8.145,159.5921,79.47,79,53,5.3
274,Caransebes,RO,2022-07-30 10:31:59,45.4167,22.2167,93.04,28,47,7.72
275,Lagoa,PT,2022-07-30 10:31:59,39.05,-27.9833,72.05,71,0,5.39
276,Sitka,US,2022-07-30 10:33:00,57.0531,-135.33,57.09,94,100,3.44
277,Noumea,NC,2022-07-30 10:32:50,-22.2763,166.4572,71.01,99,100,14.65
278,Cap Malheureux,MU,2022-07-30 10:33:00,-19.9842,57.6142,75.47,58,46,11.01
279,Saskylakh,RU,2022-07-30 10:33:01,71.9167,114.0833,71.55,57,46,5.66
280,Hangzhou,CN,2022-07-30 10:33:01,30.2937,120.1614,90.9,65,59,5.95
281,San Lorenzo De El Escorial,ES,2022-07-30 10:33:01,40.5914,-4.1474,82.04,46,0,6.4
282,Verkhnyaya Inta,RU,2022-07-30 10:33:02,65.9811,60.3094,72.43,59,60,9.78
283,Rocha,UY,2022-07-30 10:33:02,-34.4833,-54.3333,43.92,71,0,3.65
284,Neiafu,TO,2022-07-30 10:33:03,-18.65,-173.9833,77.54,85,19,21.23
285,Khartoum,SD,2022-07-30 10:33:04,15.5518,32.5324,100.02,38,59,1.99
286,Tecoanapa,MX,2022-07-30 10:33:04,16.5167,-98.75,77.13,85,81,3.29
287,Tabou,CI,2022-07-30 10:33:05,4.423,-7.3528,77.02,70,98,6.33
288,Tosya,TR,2022-07-30 10:33:05,41.0155,34.0401,81.41,21,0,7.83
289,Le Port,RE,2022-07-30 10:33:05,-20.9373,55.2919,78.8,65,36,6.89
290,Zadonsk,RU,2022-07-30 10:33:06,52.3904,38.9261,73.78,50,65,7.31
291,Eagle Pass,US,2022-07-30 10:33:06,28.7091,-100.4995,82.27,57,0,9.42
292,San Patricio,US,2022-07-30 10:33:07,28.017,-97.5169,84.88,87,1,5.61
293,Hasaki,JP,2022-07-30 10:33:08,35.7333,140.8333,82.8,85,7,10.96
294,Zyryanka,RU,2022-07-30 10:33:08,65.75,150.85,60.89,46,17,11.63
295,Carutapera,BR,2022-07-30 10:33:09,-1.195,-46.02,81.39,78,32,7.58
296,Waingapu,ID,2022-07-30 10:33:09,-9.6567,120.2641,75.18,75,92,10.76
297,Namie,JP,2022-07-30 10:33:10,37.4833,141.0,82.54,90,25,5.41
298,Bocana De Paiwas,NI,2022-07-30 10:33:10,12.7857,-85.1227,70.32,98,42,5.28
299,Burlington,US,2022-07-30 10:30:31,39.8835,-74.6413,73.71,87,0,5.75
300,Qaqortoq,GL,2022-07-30 10:33:11,60.7167,-46.0333,47.97,77,35,4.18
301,Magistralnyy,RU,2022-07-30 10:33:11,56.1725,107.4458,63.86,80,97,5.03
302,Bitung,ID,2022-07-30 10:33:12,1.4451,125.1824,83.25,85,61,11.18
303,Zhangjiakou,CN,2022-07-30 10:33:12,40.81,114.8794,78.39,62,8,9.93
304,Dikson,RU,2022-07-30 10:33:09,73.5069,80.5464,40.08,94,100,19.01
305,Lata,PT,2022-07-30 10:33:13,40.1629,-8.3327,97.56,22,0,1.77
306,Cockburn Town,TC,2022-07-30 10:33:13,21.4612,-71.1419,81.54,72,81,21.79
307,Jurm,AF,2022-07-30 10:33:14,36.8648,70.8342,85.14,22,63,10.85
308,Uyuni,BO,2022-07-30 10:33:14,-20.4597,-66.825,34.65,43,37,0.94
309,Isangel,VU,2022-07-30 10:33:15,-19.55,169.2667,73.38,84,100,7.67
310,Guarapari,BR,2022-07-30 10:33:15,-20.6667,-40.4975,69.89,81,85,8.5
311,San Juan,AR,2022-07-30 10:33:16,-31.5375,-68.5364,48.11,42,2,3.2
312,Sosnovo-Ozerskoye,RU,2022-07-30 10:33:16,52.5249,111.5418,62.31,78,60,3.51
313,Kaspiyskiy,RU,2022-07-30 10:33:16,45.3929,47.3707,91.44,39,15,12.03
314,Provost,CA,2022-07-30 10:33:17,52.3501,-110.2683,61.25,95,100,15.99
315,Port Hardy,CA,2022-07-30 10:33:17,50.6996,-127.4199,57.2,100,0,2.3
316,Souillac,MU,2022-07-30 10:33:18,-20.5167,57.5167,75.58,69,40,17.27
317,Dilla,ET,2022-07-30 10:34:18,6.41,38.31,73.26,64,99,4.79
318,Samarai,PG,2022-07-30 10:34:19,-10.6167,150.6667,79.18,81,8,9.84
319,Bonthe,SL,2022-07-30 10:34:19,7.5264,-12.505,81.07,61,97,6.73
320,Tatarsk,RU,2022-07-30 10:34:19,55.219,75.9828,71.98,56,60,10.65
321,Sangar,RU,2022-07-30 10:34:20,63.9242,127.4739,72.55,75,100,2.73
322,Kaeo,NZ,2022-07-30 10:34:20,-35.1,173.7833,55.33,94,56,15.28
323,Granadilla De Abona,ES,2022-07-30 10:34:21,28.1188,-16.576,80.98,76,20,23.02
324,Kurchum,KZ,2022-07-30 10:34:21,48.5722,83.6542,76.39,52,95,3.33
325,Katsuura,JP,2022-07-30 10:34:22,35.1333,140.3,80.73,87,54,12.68
326,Bulgan,MN,2022-07-30 10:34:22,48.8125,103.5347,70.12,59,75,2.48
327,Maragogi,BR,2022-07-30 10:34:23,-9.0122,-35.2225,77.68,83,100,9.86
328,Ngawen,ID,2022-07-30 10:34:23,-7.0032,111.3129,80.47,72,65,9.01
329,Presque Isle,US,2022-07-30 10:34:23,46.6811,-68.0159,58.98,82,0,4.61
330,Temirtau,KZ,2022-07-30 10:34:24,50.0544,72.9483,75.79,42,100,15.52
331,Fort Dodge,US,2022-07-30 10:34:24,42.4975,-94.168,57.81,94,0,0.0
332,Ouargaye,BF,2022-07-30 10:34:25,11.5033,0.0572,81.0,70,84,10.45
333,Vilyuysk,RU,2022-07-30 10:33:16,63.7553,121.6247,65.05,95,82,4.79
334,Pemangkat,ID,2022-07-30 10:34:25,1.1667,108.9667,78.66,85,96,9.31
335,Clarence Town,AU,2022-07-30 10:34:26,-32.5833,151.7833,53.85,94,3,3.06
336,Udachnyy,RU,2022-07-30 10:34:26,66.4167,112.4,84.45,45,93,7.74
337,Sovetskaya Gavan,RU,2022-07-30 10:34:27,48.9723,140.2878,68.92,93,30,4.09
338,Nome,US,2022-07-30 10:34:27,64.5011,-165.4064,53.67,67,0,9.22
339,Luganville,VU,2022-07-30 10:34:28,-15.5333,167.1667,75.49,87,100,1.16
340,Mugur-Aksy,RU,2022-07-30 10:34:28,50.35,90.5,66.69,42,98,3.36
341,Palmer,US,2022-07-30 10:34:28,42.1584,-72.3287,71.15,82,100,0.0
342,Tibati,CM,2022-07-30 10:34:29,6.4667,12.6333,67.23,93,100,0.92
343,Eichenzell,DE,2022-07-30 10:32:54,50.4934,9.6961,74.1,62,46,3.0
344,Villazon,BO,2022-07-30 10:34:29,-22.0866,-65.5942,38.25,72,44,5.26
345,Chicama,PE,2022-07-30 10:34:30,-7.8447,-79.1469,57.74,89,44,1.95
346,Saint-Paul,RE,2022-07-30 10:34:30,-21.0096,55.2707,78.91,69,40,1.48
347,Kurilsk,RU,2022-07-30 10:34:31,45.2333,147.8833,62.73,92,64,7.09
348,Faanui,PF,2022-07-30 10:34:31,-16.4833,-151.75,78.69,73,5,23.8
349,Bandarbeyla,SO,2022-07-30 10:34:32,9.4942,50.8122,85.01,58,53,31.07
350,Rock Springs,US,2022-07-30 10:34:32,41.5875,-109.2029,63.84,42,0,4.61
351,North Mankato,US,2022-07-30 10:34:32,44.1733,-94.0339,58.14,95,0,5.75
352,Eureka,US,2022-07-30 10:34:33,40.8021,-124.1637,59.67,91,100,3.6
353,Te Anau,NZ,2022-07-30 10:34:33,-45.4167,167.7167,31.35,95,91,2.91
354,Saint-Augustin,CA,2022-07-30 10:34:34,51.226,-58.6502,63.25,87,96,10.4
355,Kromy,RU,2022-07-30 10:34:34,52.6876,35.7667,72.48,58,62,6.33
356,Diffa,NE,2022-07-30 10:34:34,13.3154,12.6113,79.25,66,100,18.54
357,Saint-Joseph,RE,2022-07-30 10:34:35,-21.3667,55.6167,77.38,72,38,14.12
358,Saposoa,PE,2022-07-30 10:34:35,-6.934,-76.7716,68.14,87,32,2.3
359,Ome,JP,2022-07-30 10:34:36,35.7839,139.2431,87.24,63,75,0.0
360,Yeniseysk,RU,2022-07-30 10:34:36,58.4497,92.1703,73.31,79,100,3.51
361,San Jose,US,2022-07-30 10:29:45,37.3394,-121.895,64.0,83,100,8.05
362,Umm Lajj,SA,2022-07-30 10:34:37,25.0213,37.2685,90.66,56,46,14.23
363,Carauari,BR,2022-07-30 10:34:37,-4.8828,-66.8958,71.62,88,94,0.89
364,Rusera,IN,2022-07-30 10:35:38,25.75,86.0333,94.21,49,95,2.42
365,Lucea,JM,2022-07-30 10:35:38,18.451,-78.1736,78.66,82,10,11.43
366,Tyukhtet,RU,2022-07-30 10:35:39,56.5389,89.3011,76.53,61,99,5.21
367,Berlevag,NO,2022-07-30 10:35:39,70.8578,29.0864,57.2,82,100,14.97
368,Selishche,RU,2022-07-30 10:35:39,56.8879,33.2691,68.88,39,66,7.16
369,Laguna,US,2022-07-30 10:35:40,38.421,-121.4238,68.09,83,0,11.5
370,Bilibino,RU,2022-07-30 10:35:40,68.0546,166.4372,54.43,52,85,6.08
371,Meulaboh,ID,2022-07-30 10:35:41,4.1363,96.1285,81.34,76,94,5.53
372,Berehove,UA,2022-07-30 10:35:41,48.2056,22.6442,92.1,30,82,8.12
373,Huilong,CN,2022-07-30 10:35:42,31.8111,121.655,80.44,88,64,9.78
374,Rawlins,US,2022-07-30 10:35:42,41.7911,-107.2387,53.49,54,0,0.0
375,Lorengau,PG,2022-07-30 10:35:42,-2.0226,147.2712,81.54,73,61,7.14
376,Palmas,BR,2022-07-30 10:35:43,-10.2128,-48.3603,64.27,77,0,4.61
377,Namatanai,PG,2022-07-30 10:35:43,-3.6667,152.4333,79.86,77,99,8.55
378,Viedma,AR,2022-07-30 10:35:44,-40.8135,-62.9967,45.66,65,66,5.5
379,Asau,RO,2022-07-30 10:35:44,46.4333,26.4,86.95,63,18,4.52
380,Gamba,GA,2022-07-30 10:35:44,-2.65,10.0,74.25,78,100,3.67
381,Maniitsoq,GL,2022-07-30 10:35:45,65.4167,-52.9,44.78,85,100,14.14
382,Banna,PH,2022-07-30 10:35:45,17.98,120.655,83.35,87,68,3.42
383,Palana,RU,2022-07-30 10:35:46,59.1167,159.9667,45.82,92,65,7.9
384,Paso De Carrasco,UY,2022-07-30 10:35:46,-34.8603,-56.0522,49.95,76,0,5.75
385,Bouna,CI,2022-07-30 10:35:47,9.2667,-3.0,83.12,60,46,6.04
386,Miracema Do Tocantins,BR,2022-07-30 10:35:47,-9.5618,-48.3967,78.51,34,51,4.5
387,Lubumbashi,CD,2022-07-30 10:35:47,-11.6609,27.4794,82.62,23,5,1.57
388,Azul,AR,2022-07-30 10:35:48,-36.777,-59.8585,44.35,69,0,2.89
389,Krasnoselkup,RU,2022-07-30 10:35:15,65.7,82.4667,72.9,61,100,19.86
390,Crimmitschau,DE,2022-07-30 10:35:48,50.8167,12.3833,65.26,89,90,7.16
391,Chuy,UY,2022-07-30 10:35:49,-33.6971,-53.4616,43.03,75,0,4.18
392,Vestmannaeyjar,IS,2022-07-30 10:35:49,63.4427,-20.2734,49.19,71,0,13.8
393,Hanzhong,CN,2022-07-30 10:35:50,33.0728,107.0303,87.26,67,11,3.09
394,Huambo,AO,2022-07-30 10:35:50,-12.7761,15.7392,73.2,31,0,5.75
395,Mana,GF,2022-07-30 10:35:51,5.6592,-53.7767,76.98,89,37,5.86
396,Aripuana,BR,2022-07-30 10:33:31,-9.1667,-60.6333,64.56,59,44,2.64
397,Khandyga,RU,2022-07-30 10:35:51,62.6667,135.6,75.76,63,44,6.76
398,Provideniya,RU,2022-07-30 10:35:52,64.3833,-173.3,48.58,79,100,0.76
399,Pinczow,PL,2022-07-30 10:35:52,50.5205,20.5265,73.85,79,100,3.58
400,Susanville,US,2022-07-30 10:35:53,40.4163,-120.653,76.84,32,0,6.91
401,Port-Gentil,GA,2022-07-30 10:35:53,-0.7193,8.7815,80.56,69,40,11.5
402,Carballo,ES,2022-07-30 10:35:53,43.213,-8.691,79.9,75,19,12.33
403,Shimoda,JP,2022-07-30 10:35:54,34.6667,138.95,82.11,88,3,8.52
404,Coos Bay,US,2022-07-30 10:35:40,43.3665,-124.2179,61.99,96,100,6.91
405,Raglan,NZ,2022-07-30 10:35:55,-37.8,174.8833,53.1,93,53,11.45
406,Tessalit,ML,2022-07-30 10:35:55,20.1986,1.0114,96.84,28,10,4.05
407,Yinchuan,CN,2022-07-30 10:35:55,38.4681,106.2731,94.06,23,48,8.57
408,Luena,AO,2022-07-30 10:35:56,-11.7833,19.9167,87.64,11,15,1.95
409,Jaypur,IN,2022-07-30 10:35:56,18.85,82.5833,84.61,64,92,5.75
410,Santa Maria,BR,2022-07-30 10:32:41,-29.6842,-53.8069,38.5,100,20,0.0
411,Howard Springs,AU,2022-07-30 10:35:57,-12.497,131.047,76.91,69,8,5.01
412,Abalak,RU,2022-07-30 10:35:57,58.1286,68.5944,76.53,52,89,7.74
413,Beloha,MG,2022-07-30 10:36:58,-25.1667,45.05,87.08,27,3,4.12
414,Robertsport,LR,2022-07-30 10:36:58,6.7533,-11.3686,79.18,63,100,5.06
415,Nivala,FI,2022-07-30 10:36:59,63.9167,24.9667,56.68,66,99,9.13
416,Saint-Georges,GD,2022-07-30 10:36:59,12.0564,-61.7485,78.48,83,40,5.75
417,Brus,RS,2022-07-30 10:37:00,43.3836,21.0336,94.3,26,0,3.38
418,Novikovo,RU,2022-07-30 10:37:00,51.1537,37.8879,77.23,39,81,6.6
419,Kondapalle,IN,2022-07-30 10:37:01,16.6167,80.5333,86.85,51,90,3.85
420,Graaff-Reinet,ZA,2022-07-30 10:37:01,-32.2522,24.5308,54.91,62,30,6.53
421,Malinovskiy,RU,2022-07-30 10:37:02,61.1953,62.8397,84.72,28,66,4.27
422,Beaverlodge,CA,2022-07-30 10:37:02,55.2166,-119.4361,58.35,98,46,6.22
423,Kanniyakumari,IN,2022-07-30 10:37:02,8.0833,77.5667,82.65,80,55,15.9
424,Mehran,IR,2022-07-30 10:37:03,33.1222,46.1646,114.64,8,22,17.54
425,Fairbanks,US,2022-07-30 10:37:03,64.8378,-147.7164,55.36,69,0,4.61
426,Mamlyutka,KZ,2022-07-30 10:37:04,54.9375,68.5394,77.02,46,12,13.85
427,Kuah,MY,2022-07-30 10:37:04,6.3265,99.8432,84.18,84,20,2.3
428,Alta Floresta,BR,2022-07-30 10:37:05,-9.8756,-56.0861,66.34,44,88,2.68
429,Zhanakorgan,KZ,2022-07-30 10:37:05,43.9098,67.2495,90.19,22,70,12.62
430,Hurricane,US,2022-07-30 10:37:06,37.1753,-113.2899,74.59,48,82,4.54
431,Gasa,PS,2022-07-30 10:37:06,31.5,34.4667,94.87,50,0,13.8
432,Lazaro Cardenas,MX,2022-07-30 10:37:06,17.9583,-102.2,76.82,85,78,4.74
433,Karatau,KZ,2022-07-30 10:37:07,43.1667,70.4667,89.15,17,14,13.22
434,Victoria Point,AU,2022-07-30 10:37:07,-27.5833,153.3,60.91,80,47,1.01
435,Moose Factory,CA,2022-07-30 10:37:08,51.2585,-80.6094,57.2,94,100,9.22
436,Baixa Grande,BR,2022-07-30 10:37:09,-11.9597,-40.1681,69.71,81,47,2.13
437,Halifax,CA,2022-07-30 10:37:09,44.6453,-63.5724,66.09,98,46,6.91
438,Shimsk,RU,2022-07-30 10:37:09,58.212,30.7127,65.01,66,31,9.93
439,Fortuna,US,2022-07-30 10:37:10,40.5982,-124.1573,58.93,94,100,0.0
440,Vallenar,CL,2022-07-30 10:37:10,-28.5708,-70.7581,52.32,91,94,1.74
441,Tsuyama,JP,2022-07-30 10:37:11,35.05,134.0,83.82,86,41,6.11
442,Lingao,CN,2022-07-30 10:37:11,19.9103,109.6859,85.26,76,98,4.52
443,Iqaluit,CA,2022-07-30 10:37:12,63.7506,-68.5145,44.33,81,100,10.36
444,San Pedro De Macoris,DO,2022-07-30 10:37:12,18.4616,-69.2972,75.33,88,3,8.28
445,Neyshabur,IR,2022-07-30 10:37:13,36.2133,58.7958,91.49,21,36,4.52
446,Lusambo,CD,2022-07-30 10:37:13,-4.9667,23.45,94.57,30,21,3.44
447,Port Macquarie,AU,2022-07-30 10:37:13,-31.4333,152.9167,49.89,78,47,2.01
448,Mut,TR,2022-07-30 10:37:14,36.6439,33.4389,103.3,12,0,3.98
449,Baft,IR,2022-07-30 10:37:15,29.234,56.6057,81.48,38,88,9.98
450,Shingu,JP,2022-07-30 10:37:15,33.7333,135.9833,78.75,87,73,2.62
451,Cabra,ES,2022-07-30 10:37:16,37.4725,-4.4421,90.61,24,66,6.55
452,Christiana,ZA,2022-07-30 10:37:16,-27.914,25.1611,66.7,27,73,11.52
453,Bor,RU,2022-07-30 10:37:16,56.3567,44.0669,75.13,49,80,6.91
454,Skjervoy,NO,2022-07-30 10:38:17,70.0311,20.9714,62.6,66,0,11.77
455,Auki,SB,2022-07-30 10:38:17,-8.7676,160.7034,76.84,86,84,4.83
456,Port Blair,IN,2022-07-30 10:38:18,11.6667,92.75,86.04,74,40,6.91
457,Raudeberg,NO,2022-07-30 10:38:18,61.9875,5.1352,63.27,82,66,22.17
458,Progreso,MX,2022-07-30 10:38:19,21.2833,-89.6667,74.1,89,48,9.15
459,Sale,MA,2022-07-30 10:38:19,34.0389,-6.8166,81.28,69,20,6.91
460,Olafsvik,IS,2022-07-30 10:38:20,64.8945,-23.7142,49.37,63,75,5.14
461,Kamaishi,JP,2022-07-30 10:38:20,39.2667,141.8833,74.68,95,89,8.61
462,Klaksvik,FO,2022-07-30 10:38:21,62.2266,-6.589,52.72,86,95,19.3
463,Makokou,GA,2022-07-30 10:38:21,0.5738,12.8642,85.26,49,61,4.61
464,Shimanovsk,RU,2022-07-30 10:38:22,52.0,127.7,73.53,68,68,0.78
465,Ancud,CL,2022-07-30 10:38:22,-41.8697,-73.8203,42.22,86,100,5.14
466,Broome,US,2022-07-30 10:38:23,42.2506,-75.833,62.46,83,0,5.75
467,Remedios,CU,2022-07-30 10:38:23,22.4947,-79.5458,76.12,87,77,10.65
468,Jiangyou,CN,2022-07-30 10:33:26,31.7667,104.7167,82.67,81,18,4.14
469,Muisne,EC,2022-07-30 10:38:24,0.6,-80.0333,73.62,91,100,10.36
470,Cartagena Del Chaira,CO,2022-07-30 10:38:24,1.3349,-74.8429,68.83,99,93,1.41
471,Oranjemund,NA,2022-07-30 10:38:24,-28.55,16.4333,58.66,66,98,13.27
472,Dire,ML,2022-07-30 10:38:25,12.2833,-10.9667,79.11,80,100,2.8
473,Newcastle,AU,2022-07-30 10:38:26,-32.9272,151.7765,53.71,80,6,0.0
474,Richards Bay,ZA,2022-07-30 10:38:26,-28.783,32.0377,71.98,62,82,8.75
475,Sahbuz,AZ,2022-07-30 10:38:26,39.4072,45.5739,92.8,25,0,7.92
476,Kayerkan,RU,2022-07-30 10:38:27,69.3497,87.7602,59.52,72,64,23.24
477,Tarko-Sale,RU,2022-07-30 10:38:27,64.9225,77.785,78.13,49,95,21.63
478,Ewa Beach,US,2022-07-30 10:38:28,21.3156,-158.0072,78.75,74,0,8.05
479,Hovd,MN,2022-07-30 10:38:28,48.0056,91.6419,79.21,24,86,8.23
480,Ajaccio,FR,2022-07-30 10:38:13,42.0,8.9167,82.45,62,0,11.5
481,Matara,LK,2022-07-30 10:38:29,5.9485,80.5353,83.28,71,69,10.49
482,Yabrud,SY,2022-07-30 10:38:29,33.9674,36.6574,91.17,12,0,10.47
483,Yar-Sale,RU,2022-07-30 10:38:29,66.8333,70.8333,67.24,40,28,17.05
484,Gull Lake,CA,2022-07-30 10:38:30,50.1001,-108.4847,69.89,39,83,5.12
485,Barcelos,PT,2022-07-30 10:38:30,41.5388,-8.6151,91.85,32,0,3.96
486,Alice,US,2022-07-30 10:38:31,27.7523,-98.0697,78.37,88,0,8.05
487,Pochutla,MX,2022-07-30 10:38:31,15.7432,-96.4661,76.82,85,78,5.35
488,Reinosa,ES,2022-07-30 10:38:32,42.9996,-4.138,66.45,52,21,8.23
489,Zenzeli,RU,2022-07-30 10:38:32,45.9241,47.0474,98.33,23,13,6.26
490,Hualmay,PE,2022-07-30 10:38:32,-11.0964,-77.6139,59.83,86,80,4.16
491,Santander,ES,2022-07-30 10:38:33,43.4647,-3.8044,76.32,71,40,7.0
492,Basco,PH,2022-07-30 10:38:33,20.4487,121.9702,86.0,71,79,18.01
493,Cheyenne,US,2022-07-30 10:37:31,41.14,-104.8203,57.78,95,0,5.99
494,Krutinka,RU,2022-07-30 10:38:34,56.0055,71.5113,69.08,63,4,10.45
495,Bilma,NE,2022-07-30 10:38:34,18.6853,12.9164,102.76,12,70,5.91
496,Hohhot,CN,2022-07-30 10:38:35,40.8106,111.6522,82.69,42,20,2.24
497,Constantine,DZ,2022-07-30 10:34:30,36.365,6.6147,92.61,35,0,5.75
498,Winterberg,DE,2022-07-30 10:38:35,51.2,8.5333,71.1,48,34,7.9
499,Uribia,CO,2022-07-30 10:39:36,11.7139,-72.266,78.71,76,10,16.33
500,Minab,IR,2022-07-30 10:39:36,27.1467,57.0801,95.32,55,40,9.22
501,Sechura,PE,2022-07-30 10:39:37,-5.5569,-80.8222,61.23,87,15,8.03
502,Nakasongola,UG,2022-07-30 10:39:37,1.3089,32.4564,83.12,49,27,1.97
503,Nhulunbuy,AU,2022-07-30 10:39:38,-12.2333,136.7667,74.01,83,47,8.05
504,Newtownards,GB,2022-07-30 10:39:38,54.5924,-5.6909,67.95,77,75,10.36
505,Komsomolskiy,UZ,2022-07-30 10:39:38,40.4272,71.7189,95.72,18,13,11.5
506,Saint Albans,GB,2022-07-30 10:39:39,51.75,-0.3333,76.42,52,100,13.8
507,Seduva,LT,2022-07-30 10:39:39,55.7667,23.7667,68.43,54,4,3.74
508,Freetown,SL,2022-07-30 10:36:59,8.484,-13.2299,80.31,78,40,5.75
509,Itinga,BR,2022-07-30 10:39:40,-16.6131,-41.7653,72.12,40,57,2.19
510,Zaysan,KZ,2022-07-30 10:39:40,47.4667,84.8667,81.41,35,94,11.56
511,Naryan-Mar,RU,2022-07-30 10:39:41,67.6713,53.087,72.64,38,33,13.33
512,Ahuimanu,US,2022-07-30 10:39:41,21.4447,-157.8378,78.51,81,40,8.05
513,Trojan,PL,2022-07-30 10:39:42,53.7897,20.2404,75.54,43,98,9.28
514,Westerland,DE,2022-07-30 10:39:43,54.9079,8.3033,71.62,73,0,6.91
515,Shakiso,ET,2022-07-30 10:39:43,5.75,38.9167,65.89,68,100,6.02
516,Phuket,TH,2022-07-30 10:39:44,8.0,98.25,86.22,74,40,11.5
517,Inhambane,MZ,2022-07-30 10:39:44,-23.865,35.3833,76.98,61,20,8.05
518,Coahuayana,MX,2022-07-30 10:39:45,18.7333,-103.6833,74.25,94,100,4.38
519,Kalilangan,PH,2022-07-30 10:39:45,7.8211,124.7314,68.92,95,98,0.92
520,Tala,EG,2022-07-30 10:39:46,30.6803,30.9429,101.37,13,0,8.14
521,West Bay,KY,2022-07-30 10:39:46,19.3667,-81.4167,82.0,81,95,1.01
522,Huanren,CN,2022-07-30 10:39:46,41.2647,125.3667,72.43,95,100,1.61
523,Carbonear,CA,2022-07-30 10:39:47,47.7332,-53.2148,64.15,97,91,11.34
524,Paamiut,GL,2022-07-30 10:39:47,61.994,-49.6678,43.41,92,63,8.39
525,El Sauzal,MX,2022-07-30 10:39:48,31.9,-116.6833,65.41,84,53,2.68
526,Flinders,AU,2022-07-30 10:39:48,-34.5833,150.8552,54.37,71,7,5.99
527,Nong Phai,TH,2022-07-30 10:39:49,15.9903,101.0618,86.77,74,100,2.08
528,Okhotsk,RU,2022-07-30 10:39:49,59.3833,143.3,56.66,90,88,7.07
529,Luoyang,CN,2022-07-30 10:35:39,34.6836,112.4536,82.02,76,64,5.59
530,Ileza,RU,2022-07-30 10:39:50,61.0533,43.9002,68.76,67,69,4.65
531,Baffa,PK,2022-07-30 10:39:50,34.4378,73.2194,81.36,76,29,4.5
532,Pervomayskoye,RU,2022-07-30 10:39:51,43.919,46.7102,96.8,23,0,15.48
533,Bombay,IN,2022-07-30 10:36:54,19.0144,72.8479,87.78,74,40,10.36
534,Slavkov U Brna,CZ,2022-07-30 10:39:51,49.1533,16.8765,70.77,94,75,6.91
535,Fria,GN,2022-07-30 10:39:52,10.4167,-13.5833,75.22,74,99,3.18
536,Florianopolis,BR,2022-07-30 10:39:32,-27.6146,-48.5012,52.41,85,0,5.75
537,Grand Gaube,MU,2022-07-30 10:39:52,-20.0064,57.6608,75.6,58,47,13.0
538,Morant Bay,JM,2022-07-30 10:39:53,17.8815,-76.4093,78.42,85,5,7.94
539,Ouango,CF,2022-07-30 10:39:53,4.3133,22.5552,86.52,52,19,4.05
540,Ndele,CF,2022-07-30 10:39:54,8.4109,20.6473,80.65,67,68,5.99
541,Anadyr,RU,2022-07-30 10:39:54,64.75,177.4833,48.7,87,0,4.47
542,Ardahan,TR,2022-07-30 10:40:55,41.1087,42.7022,81.88,37,9,3.22
543,Olga,RU,2022-07-30 10:40:55,43.7444,135.2892,76.3,89,57,4.25
544,Kapoeta,SS,2022-07-30 10:40:56,4.7717,33.5903,70.7,89,99,6.44
545,Benjamin Hill,MX,2022-07-30 10:40:56,30.1667,-111.1,74.86,76,92,5.66
546,Imeni Poliny Osipenko,RU,2022-07-30 10:40:56,52.4201,136.4853,65.21,84,48,14.76
547,Kamenka,RU,2022-07-30 10:40:57,51.3223,42.7678,81.77,36,13,6.55
548,Voh,NC,2022-07-30 10:40:57,-20.9667,164.7,68.25,84,100,12.01
549,Storforshei,NO,2022-07-30 10:40:58,66.4043,14.5233,69.58,46,0,5.75
550,Puerto Quijarro,BO,2022-07-30 10:40:58,-17.7833,-57.7667,58.05,62,24,1.74
551,Brae,GB,2022-07-30 10:40:59,60.3964,-1.353,56.48,97,100,16.2
552,Codrington,AU,2022-07-30 10:40:59,-38.2667,141.9667,52.63,52,100,18.37
553,Sharan,RU,2022-07-30 10:40:59,54.8167,54.0,75.83,48,98,4.14
554,Kyzyl,RU,2022-07-30 10:41:00,51.7,94.45,85.08,24,25,5.44
555,Madang,PG,2022-07-30 10:41:00,-5.2246,145.7966,78.24,83,38,1.48
556,Jijiga,ET,2022-07-30 10:41:01,9.35,42.8,75.13,50,57,14.18
557,Marawi,PH,2022-07-30 10:41:01,7.9986,124.2928,70.95,93,100,1.88
558,Makarov,RU,2022-07-30 10:41:02,48.6333,142.8,66.2,98,56,5.32
559,San Rafael,AR,2022-07-30 10:41:02,-34.6177,-68.3301,46.6,44,12,1.32
560,Santa Vitoria Do Palmar,BR,2022-07-30 10:41:03,-33.5189,-53.3681,42.98,78,0,4.05
561,Graham,US,2022-07-30 10:41:03,47.0529,-122.2943,69.57,86,40,3.44
562,Bijie,CN,2022-07-30 10:41:04,27.3125,105.2942,71.58,87,100,6.98
563,Teknaf,BD,2022-07-30 10:41:04,20.8624,92.3058,86.34,70,95,9.84
564,Sao Jose Da Coroa Grande,BR,2022-07-30 10:41:05,-8.8978,-35.1478,77.81,82,100,10.22
565,Bose,IT,2022-07-30 10:41:05,45.4612,8.0137,85.21,41,1,6.6
566,Vila Franca Do Campo,PT,2022-07-30 10:41:05,37.7167,-25.4333,73.81,70,82,4.34
567,Inirida,CO,2022-07-30 10:41:06,3.8653,-67.9239,70.84,99,100,2.53
568,Kulhudhuffushi,MV,2022-07-30 10:41:06,6.6221,73.07,80.8,80,74,16.91
569,Abu Zabad,SD,2022-07-30 10:41:07,12.35,29.25,89.28,45,52,12.41
570,Trindade,BR,2022-07-30 10:41:07,-16.6494,-49.4889,55.15,46,29,1.3
571,Twentynine Palms,US,2022-07-30 10:41:07,34.1356,-116.0542,83.93,47,66,2.84
572,Witbank,ZA,2022-07-30 10:41:08,-25.8713,29.2332,67.32,25,2,9.66
573,Jiaocheng,CN,2022-07-30 10:41:08,24.6774,116.1389,85.98,60,47,2.35
574,Milkovo,RU,2022-07-30 10:41:09,54.7167,158.6167,52.32,81,100,10.11
575,Mount Pleasant,US,2022-07-30 10:41:09,32.7941,-79.8626,82.4,85,0,8.01
